new_id,dimension,origin_engine,original_id,category,original_severity,status
ACC-0001,accessibility,A-accessibility,SEM-001,semantic-structure,error,active
ACC-0002,accessibility,A-accessibility,SEM-002,semantic-structure,error,active
ACC-0003,accessibility,A-accessibility,SEM-003,semantic-structure,warning,active
ACC-0004,accessibility,A-accessibility,SEM-004,semantic-structure,warning,active
ACC-0005,accessibility,A-accessibility,SEM-005,semantic-structure,warning,active
ACC-0006,accessibility,A-accessibility,SEM-006,semantic-structure,error,active
ACC-0007,accessibility,A-accessibility,SEM-007,semantic-structure,warning,active
ACC-0008,accessibility,A-accessibility,SEM-008,semantic-structure,warning,active
ACC-0009,accessibility,A-accessibility,SEM-009,semantic-structure,warning,active
ACC-0010,accessibility,A-accessibility,SEM-010,semantic-structure,warning,active
ACC-0011,accessibility,A-accessibility,SEM-011,semantic-structure,error,active
ACC-0012,accessibility,A-accessibility,SEM-012,semantic-structure,error,active
ACC-0013,accessibility,A-accessibility,SEM-013,semantic-structure,warning,active
ACC-0014,accessibility,A-accessibility,SEM-014,semantic-structure,error,active
ACC-0015,accessibility,A-accessibility,SEM-015,semantic-structure,warning,active
ACC-0016,accessibility,A-accessibility,SEM-016,accessibility-tree,error,active
ACC-0017,accessibility,A-accessibility,SEM-017,accessibility-tree,error,active
ACC-0018,accessibility,A-accessibility,SEM-018,accessibility-tree,error,active
ACC-0019,accessibility,A-accessibility,SEM-019,accessibility-tree,error,active
ACC-0020,accessibility,A-accessibility,SEM-020,accessibility-tree,error,active
ACC-0021,accessibility,A-accessibility,SEM-021,accessibility-tree,warning,active
ACC-0022,accessibility,A-accessibility,SEM-022,accessibility-tree,warning,active
ACC-0023,accessibility,B-visual-semantics,DOC-001,Document,Medium,active
ACC-0024,accessibility,B-visual-semantics,DOC-002,Document,Medium,active
ACC-0025,completeness,B-visual-semantics,DOC-003,Indexing,High,active
ACC-0026,completeness,B-visual-semantics,DOC-004,Rendering,Critical,active
ACC-0027,accessibility,B-visual-semantics,LAND-001,Landmarks,High,merged_into:ACC-0001
ACC-0028,accessibility,B-visual-semantics,LAND-002,Landmarks,Medium,active
ACC-0029,accessibility,B-visual-semantics,LAND-003,Landmarks,Medium,active
ACC-0030,accessibility,B-visual-semantics,NAV-001,Navigation,Medium,merged_into:ACC-0005
ACC-0031,accessibility,B-visual-semantics,NAV-002,Navigation,Medium,merged_into:ACC-0006
ACC-0032,accessibility,B-visual-semantics,NAV-003,Navigation,High,active
ACC-0033,completeness,B-visual-semantics,NAV-004,Breadcrumbs,Medium,active
ACC-0034,accessibility,B-visual-semantics,HEAD-001,Headings,High,active
ACC-0035,accessibility,B-visual-semantics,HEAD-002,Headings,Medium,merged_into:ACC-0007
ACC-0036,accessibility,B-visual-semantics,REG-001,Regions,Medium,merged_into:ACC-0003
ACC-0037,completeness,B-visual-semantics,ORDER-001,Reading order,High,active
ACC-0038,completeness,B-visual-semantics,TASK-001,Primary task,High,active
ACC-0039,completeness,B-visual-semantics,TASK-002,Primary task,Medium,active
ACC-0040,accessibility,B-visual-semantics,LINK-001,Links,Medium,active
ACC-0041,completeness,B-visual-semantics,BTN-001,Buttons,High,active
ACC-0042,accessibility,B-visual-semantics,ARIA-001,ARIA,High,merged_into:ACC-0014
ACC-0043,accessibility,B-visual-semantics,ARIA-002,ARIA,High,active
ACC-0044,accessibility,B-visual-semantics,FORM-001,Forms,High,active
ACC-0045,accessibility,B-visual-semantics,FORM-002,Forms,Medium,active
ACC-0046,accessibility,B-visual-semantics,FORM-003,Forms,High,active
ACC-0047,accessibility,B-visual-semantics,FORM-004,Forms,High,active
ACC-0048,completeness,B-visual-semantics,IMG-001,Images,Medium,active
ACC-0049,completeness,B-visual-semantics,IMG-002,Images,Low,active
ACC-0050,accessibility,B-visual-semantics,FIG-001,Figures,Medium,merged_into:ACC-0008
ACC-0051,accessibility,B-visual-semantics,FIG-002,Figures,High,active
ACC-0052,accessibility,B-visual-semantics,TABLE-001,Tables,High,active
ACC-0053,accessibility,B-visual-semantics,LIST-001,Lists,Low,active
ACC-0054,completeness,B-visual-semantics,BOIL-001,Boilerplate,Medium,active
ACC-0055,completeness,B-visual-semantics,REL-001,Related content,Low,active
ACC-0056,completeness,B-visual-semantics,EVID-001,Evidence,High,active
ACC-0057,completeness,B-visual-semantics,EVID-002,Consistency,High,active
ACC-0058,completeness,B-visual-semantics,SCHEMA-001,Structured data,High,active
ACC-0059,completeness,B-visual-semantics,RESP-001,Responsive,High,active
ACC-0060,completeness,B-visual-semantics,DYN-001,Dynamic content,High,active
ACC-0061,completeness,B-visual-semantics,PERF-001,Performance,Medium,active
ACC-0062,completeness,B-visual-semantics,ART-001,Article,Medium,active
ACC-0063,completeness,B-visual-semantics,ART-002,Article,Medium,active
ACC-0064,completeness,B-visual-semantics,SERV-001,Service,High,active
ACC-0065,completeness,B-visual-semantics,SERV-002,Service,High,active
ACC-0066,completeness,B-visual-semantics,LOCAL-001,Local service,High,active
ACC-0067,completeness,B-visual-semantics,PROD-001,Product,High,active
ACC-0068,completeness,B-visual-semantics,CAT-001,Category,High,active
ACC-0069,completeness,B-visual-semantics,COMP-001,Comparison,High,active
ACC-0070,completeness,B-visual-semantics,TOOL-001,Tool,Critical,active
ACC-0071,completeness,B-visual-semantics,DIR-001,Directory,High,active
ACC-0072,completeness,B-visual-semantics,HOME-001,Homepage,High,active
ACC-0073,completeness,B-visual-semantics,CONTACT-001,Contact,High,active
ACC-0074,completeness,B-visual-semantics,FAQ-001,FAQ,Medium,active
ACC-0075,completeness,B-visual-semantics,UGC-001,Review or forum,High,active
ACC-0076,completeness,B-visual-semantics,TEST-001,Reporting,High,active
ACC-0077,completeness,B-visual-semantics,HYP-001,Reporting,High,active
ACC-0078,completeness,NEW-gap-domcount,,PERF-DOM,Medium,active
ACC-0079,completeness,NEW-gap-domcount,,PERF-DOM,Low,active
ACC-0080,accessibility,NEW-gap-htmlaria,,ARIA,High,active
